{
  "model_type": "XGBoost Classifier",
  "n_samples": 2500,
  "test_size": 500,
  "accuracy": 0.738,
  "f1_score": 0.7146,
  "precision": 0.8283,
  "recall": 0.6284,
  "feature_importances": {
    "order_amount": 0.2657516598701477,
    "frequency": 0.2991839051246643,
    "location_code": 0.11394118517637253,
    "device_code": 0.32112324237823486
  }
}